{
  "num_classes": 2,
  "num_samples": 4,
  "confusion_matrix": [
    [
      877937,
      11680
    ],
    [
      968,
      31015
    ]
  ],
  "metrics": {
    "accuracy": 0.9862760416666667,
    "iou": [
      0.9857980990023412,
      0.7103268213361428
    ],
    "dice": [
      0.9928482653877079,
      0.8306328503709258
    ],
    "precision": [
      0.9988986295447175,
      0.7264316664714838
    ],
    "recall": [
      0.9868707544932257,
      0.9697339211456086
    ],
    "support": [
      889617,
      31983
    ],
    "mean_iou_instrument": 0.7103268213361428,
    "mean_dice_instrument": 0.8306328503709258
  }
}
