{
  "architecture": "deeplabv3",
  "train_losses": [
    0.06954913138928316,
    0.03531479910949688,
    0.03199510679737028,
    0.030220010769979953,
    0.02440224426823304,
    0.025055717076503413,
    0.025651318486059536,
    0.020294722665735523,
    0.020751163457071647,
    0.02105279449669709,
    0.022251688320268092,
    0.018529184251441046,
    0.019109168003371164,
    0.01837154639813907,
    0.018739408904060263
  ],
  "val_metrics": [
    {
      "accuracy": 0.9933858153843643,
      "iou_background": 0.9931414718026335,
      "iou_instrument": 0.8434157694988423,
      "iou_mean": 0.9182786206507378,
      "dice_background": 0.9965589355826491,
      "dice_instrument": 0.9150575615702109,
      "dice_mean": 0.95580824857643,
      "precision_instrument": 0.8598057173640675,
      "recall_instrument": 0.9778981239219712,
      "confusion_matrix": [
        [
          101432654,
          615207
        ],
        [
          85276,
          3773039
        ]
      ],
      "epoch": 5
    },
    {
      "accuracy": 0.9939267753374459,
      "iou_background": 0.9937025619162277,
      "iou_instrument": 0.8542792191697709,
      "iou_mean": 0.9239908905429993,
      "dice_background": 0.9968413352101431,
      "dice_instrument": 0.9214137874578168,
      "dice_mean": 0.9591275613339799,
      "precision_instrument": 0.8715852735352415,
      "recall_instrument": 0.9772851620461264,
      "confusion_matrix": [
        [
          101492310,
          555551
        ],
        [
          87641,
          3770674
        ]
      ],
      "epoch": 10
    },
    {
      "accuracy": 0.994135063473541,
      "iou_background": 0.9939182228610757,
      "iou_instrument": 0.8587412056233068,
      "iou_mean": 0.9263297142421912,
      "dice_background": 0.9969498362223714,
      "dice_instrument": 0.9240029790326171,
      "dice_mean": 0.9604764076274943,
      "precision_instrument": 0.8751246868922093,
      "recall_instrument": 0.9786642614716528,
      "confusion_matrix": [
        [
          101509048,
          538813
        ],
        [
          82320,
          3775995
        ]
      ],
      "epoch": 15
    }
  ],
  "training_time_seconds": 140728.75035214424,
  "parameters": 41999191,
  "final_metrics": {
    "accuracy": 0.994135063473541,
    "iou_background": 0.9939182228610757,
    "iou_instrument": 0.8587412056233068,
    "iou_mean": 0.9263297142421912,
    "dice_background": 0.9969498362223714,
    "dice_instrument": 0.9240029790326171,
    "dice_mean": 0.9604764076274943,
    "precision_instrument": 0.8751246868922093,
    "recall_instrument": 0.9786642614716528,
    "confusion_matrix": [
      [
        101509048,
        538813
      ],
      [
        82320,
        3775995
      ]
    ]
  }
}
