{
  "architecture": "unet",
  "train_losses": [
    0.11327048498298051,
    0.05862036209304513,
    0.042218507992248924,
    0.03955841841943226,
    0.03185039242564719,
    0.02722875321342144,
    0.02390312929501216,
    0.024071227580321593,
    0.020210407891654812,
    0.02088190434459657,
    0.019005415054911427,
    0.017427646932617898,
    0.01682903352757601,
    0.01635095811867575,
    0.016436284790519368
  ],
  "val_metrics": [
    {
      "accuracy": 0.9943031178842677,
      "iou_background": 0.9940998234743775,
      "iou_instrument": 0.8581189779609214,
      "iou_mean": 0.9261094007176495,
      "dice_background": 0.9970411829657843,
      "dice_instrument": 0.9236426602806795,
      "dice_mean": 0.9603419216232318,
      "precision_instrument": 0.9025300062921207,
      "recall_instrument": 0.9457667401443376,
      "confusion_matrix": [
        [
          101653775,
          394086
        ],
        [
          209249,
          3649066
        ]
      ],
      "epoch": 5
    },
    {
      "accuracy": 0.9953328784149472,
      "iou_background": 0.9951614635899884,
      "iou_instrument": 0.8835958612552591,
      "iou_mean": 0.9393786624226237,
      "dice_background": 0.9975748647423726,
      "dice_instrument": 0.9382011071806203,
      "dice_mean": 0.9678879859614964,
      "precision_instrument": 0.9063006813310086,
      "recall_instrument": 0.9724291562508505,
      "confusion_matrix": [
        [
          101659961,
          387900
        ],
        [
          106377,
          3751938
        ]
      ],
      "epoch": 10
    },
    {
      "accuracy": 0.9960419211057153,
      "iou_background": 0.9958958527537493,
      "iou_instrument": 0.8999183703873838,
      "iou_mean": 0.9479071115705665,
      "dice_background": 0.9979437067116562,
      "dice_instrument": 0.9473231949474702,
      "dice_mean": 0.9726334508295632,
      "precision_instrument": 0.9194713713987689,
      "recall_instrument": 0.9769150522961448,
      "confusion_matrix": [
        [
          101717745,
          330116
        ],
        [
          89069,
          3769246
        ]
      ],
      "epoch": 15
    }
  ],
  "training_time_seconds": 29445.041665792465,
  "parameters": 17263042,
  "final_metrics": {
    "accuracy": 0.9960419211057153,
    "iou_background": 0.9958958527537493,
    "iou_instrument": 0.8999183703873838,
    "iou_mean": 0.9479071115705665,
    "dice_background": 0.9979437067116562,
    "dice_instrument": 0.9473231949474702,
    "dice_mean": 0.9726334508295632,
    "precision_instrument": 0.9194713713987689,
    "recall_instrument": 0.9769150522961448,
    "confusion_matrix": [
      [
        101717745,
        330116
      ],
      [
        89069,
        3769246
      ]
    ]
  }
}
