{
  "system_info": {
    "python_version": "3.9.13",
    "pytorch_version": "2.5.1+cu121",
    "cuda_available": true,
    "cuda_version": "12.1",
    "gpu_name": "NVIDIA GeForce GTX 1050",
    "gpu_memory_gb": 2.0,
    "timestamp": "2025-12-09T15:07:28.185988"
  },
  "results": [
    {
      "device": "cuda",
      "input_size": 256,
      "batch_size": 1,
      "num_iterations": 10,
      "mean_latency_ms": 110.79191999999944,
      "std_latency_ms": 7.016651586732376,
      "min_latency_ms": 99.88470000000049,
      "max_latency_ms": 122.7862999999978,
      "median_latency_ms": 109.01780000000016,
      "p95_latency_ms": 121.4348599999985,
      "p99_latency_ms": 122.51601199999794,
      "throughput_fps": 9.025928966661153,
      "throughput_images_per_sec": 9.025928966661153
    }
  ]
}
