{
  "num_classes": 2,
  "num_samples": 4,
  "confusion_matrix": [
    [
      1201431,
      10812
    ],
    [
      447,
      16110
    ]
  ],
  "metrics": {
    "accuracy": 0.99083740234375,
    "iou": [
      0.990715681666378,
      0.5886221637619204
    ],
    "dice": [
      0.9953361906880392,
      0.7410474021941627
    ],
    "precision": [
      0.9996280820515893,
      0.598395364386004
    ],
    "recall": [
      0.9910809961369131,
      0.9730023554991847
    ],
    "support": [
      1212243,
      16557
    ],
    "mean_iou_instrument": 0.5886221637619204,
    "mean_dice_instrument": 0.7410474021941627
  }
}
